PDB,Uniprot,Matched_Rate_Raw,Matched_Rate_New
1g48,P00918,0.509728,0.996124
5h2u,Q13882,0.981132,0.981132
5t1m,P01834,0.065421,0.990566
